date,product_id,category,demand,lead_time
2019-01-06,0,Electronics,302.7132686331526,5.350754946124095
2019-01-13,0,Electronics,358.13125194854234,4.905189845023569
2019-01-20,0,Electronics,289.63627607689267,5.700581335690926
2019-01-27,0,Electronics,282.60566654442636,4.836517563204859
2019-02-03,0,Electronics,296.4162695781774,5.192545045126285
2019-02-10,0,Electronics,349.81395684234195,5.518074386342319
2019-02-17,0,Electronics,328.8463286727171,5.707579060584572
2019-02-24,0,Electronics,296.866194103352,4.62232059060072
2019-03-03,0,Electronics,333.39163343722475,5.077106687073088
2019-03-10,0,Electronics,315.49802378554926,5.003334027082577
2019-03-17,0,Electronics,343.71733305844464,4.909632271759884
2019-03-24,0,Electronics,277.98723939348645,6.18017423180342
2019-03-31,0,Electronics,286.1953532513654,5.465543321932159
2019-04-07,0,Electronics,277.55071274030644,4.590495079165595
2019-04-14,0,Electronics,231.36052869361816,5.734949768498098
2019-04-21,0,Electronics,288.133355176219,6.367543133709364
2019-04-28,0,Electronics,278.75414267086825,5.795148757035632
2019-05-05,0,Electronics,260.91616801363864,4.45471718605035
2019-05-12,0,Electronics,243.41701779921632,4.998454813363834
2019-05-19,0,Electronics,191.36126049883836,5.918298820782138
2019-05-26,0,Electronics,218.89298694546622,4.881088358269018
2019-06-02,0,Electronics,213.01386830166905,5.485944052245548
2019-06-09,0,Electronics,187.72675056193043,5.659714820540978
2019-06-16,0,Electronics,203.0799753775683,4.7659146308977745
2019-06-23,0,Electronics,216.16131462254387,5.221546401160826
2019-06-30,0,Electronics,263.38833410305284,3.5502365290364977
2019-07-07,0,Electronics,194.48492944410347,4.714722192685766
2019-07-14,0,Electronics,192.03197297811246,5.120144612077528
2019-07-21,0,Electronics,175.27612148961242,4.597376671169226
2019-07-28,0,Electronics,104.13888175147564,6.1102892524257975
2019-08-04,0,Electronics,170.69608500336378,4.501587303344158
2019-08-11,0,Electronics,172.237435264939,5.021666780890116
2019-08-18,0,Electronics,259.57485930158987,5.321489556304029
2019-08-25,0,Electronics,162.91796160175195,6.009888009085301
2019-09-01,0,Electronics,182.54000766818507,4.49858228759969
2019-09-08,0,Electronics,172.82765267921343,5.863802243203639
2019-09-15,0,Electronics,134.93007263647945,5.258189199891178
2019-09-22,0,Electronics,224.02406694757022,4.737245728576638
2019-09-29,0,Electronics,215.1335363381765,5.495548321520489
2019-10-06,0,Electronics,222.7720608846983,5.3573763181541265
2019-10-13,0,Electronics,167.48062723632955,4.937531203974661
2019-10-20,0,Electronics,259.58981473122645,5.289479699980442
2019-10-27,0,Electronics,165.0039764027538,5.050415899125201
2019-11-03,0,Electronics,246.1535752171826,5.312442512931433
2019-11-10,0,Electronics,313.4698950322368,5.600618888576076
2019-11-17,0,Electronics,205.87830540254248,6.085919091099357
2019-11-24,0,Electronics,230.1782518839593,4.602612509686139
2019-12-01,0,Electronics,263.1921815944758,6.373256712770152
2019-12-08,0,Electronics,249.52367702368838,4.227418558216167
2019-12-15,0,Electronics,219.23158609960822,5.173084076647543
2019-12-22,0,Electronics,285.9901210661356,5.561846047017845
2019-12-29,0,Electronics,251.534853450953,5.400413763951584
2020-01-05,0,Electronics,313.9312869211054,4.92572149004406
2020-01-12,0,Electronics,268.37956300413003,5.143491217034848
2020-01-19,0,Electronics,363.2485294734724,4.993849743959986
2020-01-26,0,Electronics,281.4793705046513,4.943231620834129
2020-02-02,0,Electronics,300.94046815849555,5.699094139159024
2020-02-09,0,Electronics,344.03699030409643,5.4403475562895816
2020-02-16,0,Electronics,269.74064548220844,4.888841443580399
2020-02-23,0,Electronics,322.51819771693175,5.725357042016847
2020-03-01,0,Electronics,360.3861938752543,5.414232684727984
2020-03-08,0,Electronics,251.09651082965988,5.807886692109037
2020-03-15,0,Electronics,313.01196415864325,5.833481950228655
2020-03-22,0,Electronics,311.21948015955394,5.18319584962757
2020-03-29,0,Electronics,325.02192707233917,5.434648099992588
2020-04-05,0,Electronics,245.4154967428001,6.226312559356336
2020-04-12,0,Electronics,236.66897955255598,6.254146943335197
2020-04-19,0,Electronics,299.3157215249144,6.017444007775694
2020-04-26,0,Electronics,288.54192798904296,6.180317587846075
2020-05-03,0,Electronics,288.0006141552706,6.875683516348737
2020-05-10,0,Electronics,297.56130262159,5.9754831405508515
2020-05-17,0,Electronics,271.0062827194104,6.651296011227279
2020-05-24,0,Electronics,318.4838908930459,6.331610193515885
2020-05-31,0,Electronics,334.0632434157364,6.393772385750238
2020-06-07,0,Electronics,304.89101043942736,7.1521528751680785
2020-06-14,0,Electronics,397.13164309878607,7.072169985296655
2020-06-21,0,Electronics,332.6618133562292,7.126421694074953
2020-06-28,0,Electronics,248.5934905083794,7.442399114333918
2020-07-05,0,Electronics,287.82288332475633,6.822436479354453
2020-07-12,0,Electronics,199.69632926554598,7.2216988298656855
2020-07-19,0,Electronics,239.6818692729561,6.750042457126571
2020-07-26,0,Electronics,234.82701251147802,7.130420551833576
2020-08-02,0,Electronics,150.1160815350233,6.936604281428351
2020-08-09,0,Electronics,208.19862916549263,7.098554099149111
2020-08-16,0,Electronics,184.63694163228448,7.40078727732252
2020-08-23,0,Electronics,198.80090421093084,6.696946643218053
2020-08-30,0,Electronics,239.13734920702495,8.262533650854898
2020-09-06,0,Electronics,163.1617689377439,6.669908299591236
2020-09-13,0,Electronics,148.0864627978329,6.593766267279586
2020-09-20,0,Electronics,147.63138164257498,7.871477999364958
2020-09-27,0,Electronics,155.73209353367537,7.709036019841478
2020-10-04,0,Electronics,188.96345796588125,7.649609913643419
2020-10-11,0,Electronics,211.1799849303988,7.679016727016759
2020-10-18,0,Electronics,216.34347592765886,7.368386722195767
2020-10-25,0,Electronics,244.49992593725244,6.928108632841479
2020-11-01,0,Electronics,223.11033780748448,7.4626385708333824
2020-11-08,0,Electronics,284.4611385050829,7.089378341515136
2020-11-15,0,Electronics,230.3837620921768,7.9784644087429335
2020-11-22,0,Electronics,348.35866270891063,7.409146372506045
2020-11-29,0,Electronics,280.38595462985825,7.071933009843293
2020-12-06,0,Electronics,234.535123889349,7.354957408543701
2020-12-13,0,Electronics,234.73355869106885,7.758015906290299
2020-12-20,0,Electronics,299.0826573362893,7.261486506609987
2020-12-27,0,Electronics,280.17282182789114,7.141389062261616
2021-01-03,0,Electronics,320.6765555665207,7.716211114973322
2021-01-10,0,Electronics,317.27817554803414,7.7310760682412045
2021-01-17,0,Electronics,301.8326826705633,7.349612598819449
2021-01-24,0,Electronics,277.10517463286214,7.381315052587008
2021-01-31,0,Electronics,255.25465765674858,7.7628501941980765
2021-02-07,0,Electronics,295.89107664964627,6.891927102004323
2021-02-14,0,Electronics,344.05012285808095,6.924317794800325
2021-02-21,0,Electronics,319.9795451969794,7.296761328514996
2021-02-28,0,Electronics,264.9418883897579,7.5720284826964
2021-03-07,0,Electronics,314.1827988241704,7.856976065907988
2021-03-14,0,Electronics,318.27789058747965,8.47768909082461
2021-03-21,0,Electronics,267.2368771301909,8.161833008421816
2021-03-28,0,Electronics,299.7067842508266,7.635496237585033
2021-04-04,0,Electronics,289.92548403930454,7.717309356530288
2021-04-11,0,Electronics,238.98779289477045,7.208097551136029
2021-04-18,0,Electronics,286.2900017459613,7.73203096991982
2021-04-25,0,Electronics,285.6199092277676,7.596832828092631
2021-05-02,0,Electronics,296.2514367071554,7.924355191296861
2021-05-09,0,Electronics,286.45131098420103,7.326374380163292
2021-05-16,0,Electronics,188.64116030901263,8.039476881962985
2021-05-23,0,Electronics,195.87345831693875,8.577282044281539
2021-05-30,0,Electronics,240.29391457657186,7.720254412161139
2021-06-06,0,Electronics,231.77345360616445,7.993362430903601
2021-06-13,0,Electronics,223.72319621630197,8.149594952043255
2021-06-20,0,Electronics,338.2263809879672,7.5808155060318665
2021-06-27,0,Electronics,211.17103273904362,7.91355559569732
2021-07-04,0,Electronics,225.54177278697904,7.806524880182832
2021-07-11,0,Electronics,213.41117742882406,7.85508578826558
2021-07-18,0,Electronics,197.73035775876622,7.401410070923601
2021-07-25,0,Electronics,158.70106719161853,7.82383240143854
2021-08-01,0,Electronics,195.332371235789,8.075876140228136
2021-08-08,0,Electronics,137.66210410927715,8.579712513635487
2021-08-15,0,Electronics,156.69815516080223,8.324353312562694
2021-08-22,0,Electronics,148.0995913170737,8.95435838445267
2021-08-29,0,Electronics,170.40427430752516,7.422984048116769
2021-09-05,0,Electronics,254.67622749821635,8.286864063897532
2021-09-12,0,Electronics,105.27404591774793,7.927422767894629
2021-09-19,0,Electronics,203.22211675363474,8.983725441025241
2021-09-26,0,Electronics,124.52733168028902,7.411110302601902
2021-10-03,0,Electronics,172.46922576050775,7.3967269096572
2021-10-10,0,Electronics,236.4872529355924,7.524986651560485
2021-10-17,0,Electronics,206.52308736716887,6.7261143497116365
2021-10-24,0,Electronics,172.76153725132565,7.5674150549279515
2021-10-31,0,Electronics,194.41678151934812,7.446564137831418
2021-11-07,0,Electronics,254.09825599161988,7.925974711887262
2021-11-14,0,Electronics,211.29684932798517,8.028066331299023
2021-11-21,0,Electronics,254.7147833931915,8.83556183707672
2021-11-28,0,Electronics,257.11442545580104,8.350707126423421
2021-12-05,0,Electronics,240.00543031116428,7.549783975592139
2021-12-12,0,Electronics,350.2934903704583,7.3821877738487895
2021-12-19,0,Electronics,302.5734147970016,8.113729034976052
2021-12-26,0,Electronics,212.21160446933757,7.16300412981411
2019-01-06,1,Electronics,193.77842788218808,2.1042856040120843
2019-01-13,1,Electronics,159.88099935013847,2.0616168709022005
2019-01-20,1,Electronics,158.4079327028322,2.3604427814610762
2019-01-27,1,Electronics,171.67857814120134,2.4363608370713163
2019-02-03,1,Electronics,146.21753931954171,2.36294072419048
2019-02-10,1,Electronics,175.09459331956185,2.034992223351281
2019-02-17,1,Electronics,167.24142064901474,2.727574541181582
2019-02-24,1,Electronics,174.12682177072713,1.805336129093073
2019-03-03,1,Electronics,173.4916627798264,1.9671442419438436
2019-03-10,1,Electronics,119.30130452605692,2.230901850489396
2019-03-17,1,Electronics,147.59767482669974,2.213278931533305
2019-03-24,1,Electronics,160.69192899345404,2.300729576018698
2019-03-31,1,Electronics,158.9835636171485,2.540297962628338
2019-04-07,1,Electronics,161.92621185361494,2.1673775427759265
2019-04-14,1,Electronics,159.22222751126225,2.218617343410512
2019-04-21,1,Electronics,178.8980861585233,2.0632517303024347
2019-04-28,1,Electronics,151.43940105999027,2.3227286611926257
2019-05-05,1,Electronics,134.99172054873753,2.123805226486689
2019-05-12,1,Electronics,105.60116716679781,2.1236783204578753
2019-05-19,1,Electronics,105.54580783332993,2.3128910729859866
2019-05-26,1,Electronics,137.935955594519,2.4206962474423417
2019-06-02,1,Electronics,143.65677659633897,1.7092834063310045
2019-06-09,1,Electronics,148.65927474824673,2.2728117055772863
2019-06-16,1,Electronics,98.60495668052191,2.1343952050488673
2019-06-23,1,Electronics,104.90639597216182,2.401544643097344
2019-06-30,1,Electronics,111.95883543501282,2.1388002495497576
2019-07-07,1,Electronics,143.79219083466322,2.4790766873526247
2019-07-14,1,Electronics,103.58692531790238,2.045286247464537
2019-07-21,1,Electronics,129.16145575118637,1.704408337926428
2019-07-28,1,Electronics,100.60934955502654,2.4243535570935406
2019-08-04,1,Electronics,118.4282827232478,2.0086230337520767
2019-08-11,1,Electronics,115.27756547452027,1.8470139184338534
2019-08-18,1,Electronics,98.46126873173489,2.197190454277943
2019-08-25,1,Electronics,75.89054177433741,2.141200986507381
2019-09-01,1,Electronics,91.44895608750448,2.3742308416696383
2019-09-08,1,Electronics,127.07642969406156,2.3894342489051943
2019-09-15,1,Electronics,117.29720884719023,2.2146448253192936
2019-09-22,1,Electronics,94.4426128264013,1.9995695474351654
2019-09-29,1,Electronics,99.25011761386963,2.25661427691747
2019-10-06,1,Electronics,75.78953214726228,2.229907042658787
2019-10-13,1,Electronics,141.1829695766417,2.318474732751253
2019-10-20,1,Electronics,134.51554779576173,2.0017652406566184
2019-10-27,1,Electronics,119.09841260729836,2.1058403151527436
2019-11-03,1,Electronics,130.2552958306034,2.3054095572842397
2019-11-10,1,Electronics,89.04269604182497,2.4672911184656012
2019-11-17,1,Electronics,126.51649383154755,2.4055601693773045
2019-11-24,1,Electronics,166.64651578614152,2.211668987424644
2019-12-01,1,Electronics,164.55936681742847,2.086750536878336
2019-12-08,1,Electronics,156.56050049135186,2.282253724505962
2019-12-15,1,Electronics,154.2825431693896,1.9542539435375825
2019-12-22,1,Electronics,174.16400273690152,2.0144458037480977
2019-12-29,1,Electronics,157.10341213481863,2.5248626980747755
2020-01-05,1,Electronics,133.7447333422666,2.2818619179971873
2020-01-12,1,Electronics,168.9350153271722,2.1174330082195674
2020-01-19,1,Electronics,179.44188472964916,2.3755544375924633
2020-01-26,1,Electronics,195.46279877821718,2.4759885567385553
2020-02-02,1,Electronics,147.2983180039872,2.0961301090016704
2020-02-09,1,Electronics,173.84921951227034,2.0999097161758637
2020-02-16,1,Electronics,175.20389318393137,2.072436683129702
2020-02-23,1,Electronics,155.17984895464934,2.4051057093578345
2020-03-01,1,Electronics,185.29055726892938,2.407235131981377
2020-03-08,1,Electronics,189.08405382963184,2.551183409025316
2020-03-15,1,Electronics,167.19646609097927,2.519300551338251
2020-03-22,1,Electronics,210.4358681392458,1.9883945551915017
2020-03-29,1,Electronics,161.76720957484662,2.4541254857821633
2020-04-05,1,Electronics,156.41991853737792,2.204113072844616
2020-04-12,1,Electronics,153.01155463635922,2.3654319362288803
2020-04-19,1,Electronics,144.0735103373471,2.554999856762979
2020-04-26,1,Electronics,147.86745662236012,2.7385685711287766
2020-05-03,1,Electronics,131.68673505708088,2.395709256162901
2020-05-10,1,Electronics,159.15269943440092,2.115273072224152
2020-05-17,1,Electronics,169.97786687836495,2.6972873693316557
2020-05-24,1,Electronics,132.25024932582255,3.2684598667738385
2020-05-31,1,Electronics,181.77798653659943,2.6734077715483826
2020-06-07,1,Electronics,188.8126883760292,2.7561231315409316
2020-06-14,1,Electronics,197.00324918015542,3.1633430830937086
2020-06-21,1,Electronics,203.3715522603081,2.927150524582455
2020-06-28,1,Electronics,184.42295053102023,2.869272014720925
2020-07-05,1,Electronics,141.02487965526868,2.941549452913827
2020-07-12,1,Electronics,123.86766434294648,2.9212076599490358
2020-07-19,1,Electronics,136.58394843462057,2.6369760801099194
2020-07-26,1,Electronics,105.13317706702544,2.6124108783321756
2020-08-02,1,Electronics,85.58517058986453,3.3393064408683286
2020-08-09,1,Electronics,151.78439367386238,2.9835431057391832
2020-08-16,1,Electronics,98.09017641297697,2.982100741699082
2020-08-23,1,Electronics,91.70890382094751,2.9564620105802066
2020-08-30,1,Electronics,62.0660387152094,3.162922654964126
2020-09-06,1,Electronics,122.50961339536954,3.5630644174240507
2020-09-13,1,Electronics,88.88613688897318,3.134965122914749
2020-09-20,1,Electronics,111.15544134003092,2.9042117536707304
2020-09-27,1,Electronics,132.41340572302133,3.016502725183124
2020-10-04,1,Electronics,98.24405095984548,3.292643573259138
2020-10-11,1,Electronics,122.46927366960506,2.94120909246673
2020-10-18,1,Electronics,154.62634949220808,3.2668110050032064
2020-10-25,1,Electronics,81.87348557216657,2.5810367869090083
2020-11-01,1,Electronics,118.40884192585213,3.049474088121544
2020-11-08,1,Electronics,121.34031996146399,3.2469909054883916
2020-11-15,1,Electronics,140.0760566150107,3.3966636472907203
2020-11-22,1,Electronics,147.59583173072923,2.946905146331544
2020-11-29,1,Electronics,132.70197830988272,2.8047953149101845
2020-12-06,1,Electronics,145.20970796386848,3.084866238731094
2020-12-13,1,Electronics,147.32426577587023,2.9024227599160546
2020-12-20,1,Electronics,159.67013402562856,3.1234951621111833
2020-12-27,1,Electronics,174.5365180300337,3.1612799159551273
2021-01-03,1,Electronics,191.41897784519782,2.87959383783523
2021-01-10,1,Electronics,197.262250153792,3.3513651030446616
2021-01-17,1,Electronics,192.04576381723726,3.1460484244034435
2021-01-24,1,Electronics,164.50029101014272,3.4229162353007254
2021-01-31,1,Electronics,182.92232696035873,2.786289605265101
2021-02-07,1,Electronics,230.0109363999762,2.972715242197923
2021-02-14,1,Electronics,204.0799076482058,3.3138097834310174
2021-02-21,1,Electronics,175.7370070061121,3.029562240911881
2021-02-28,1,Electronics,214.25352749088097,3.1729438056380435
2021-03-07,1,Electronics,174.81454631259257,3.2131639787472097
2021-03-14,1,Electronics,167.6069737916165,3.251506100087112
2021-03-21,1,Electronics,205.35151245775998,3.071749428783096
2021-03-28,1,Electronics,150.16293029733023,3.256553256799431
2021-04-04,1,Electronics,135.2886447668467,3.0553934796020736
2021-04-11,1,Electronics,187.10361212768206,3.3780667434607836
2021-04-18,1,Electronics,165.53350643718863,3.2079023320277202
2021-04-25,1,Electronics,163.34512253332113,3.269905029241462
2021-05-02,1,Electronics,149.54756049255252,3.8023152493030734
2021-05-09,1,Electronics,147.4742113704306,2.9982297250306993
2021-05-16,1,Electronics,138.69168283277267,3.5481105795666488
2021-05-23,1,Electronics,130.9121248292276,2.662420282310816
2021-05-30,1,Electronics,131.18760396761363,2.792047396525675
2021-06-06,1,Electronics,126.2548103861381,2.977893219506201
2021-06-13,1,Electronics,114.08573213481651,2.9937108397312047
2021-06-20,1,Electronics,115.72232588779943,3.298583776334116
2021-06-27,1,Electronics,74.2331889385325,3.319265386732853
2021-07-04,1,Electronics,132.86624957396006,3.2014824205178183
2021-07-11,1,Electronics,124.42018151263446,3.2261188619352006
2021-07-18,1,Electronics,112.93474973249826,3.376307811554016
2021-07-25,1,Electronics,117.40927575243825,3.444777061580638
2021-08-01,1,Electronics,116.8681081958286,2.972386949688683
2021-08-08,1,Electronics,96.8327648593741,3.1853213296361735
2021-08-15,1,Electronics,100.41017410694525,3.2507005630638877
2021-08-22,1,Electronics,121.40974156563423,3.373625210241267
2021-08-29,1,Electronics,116.18304599090622,3.098803687890928
2021-09-05,1,Electronics,153.31647075039876,3.2498119073069005
2021-09-12,1,Electronics,147.17258584260173,3.276991491877342
2021-09-19,1,Electronics,136.43260794975623,3.1168564250235993
2021-09-26,1,Electronics,106.61276094492443,3.1125575907966256
2021-10-03,1,Electronics,113.89536186110348,3.2948738977046412
2021-10-10,1,Electronics,109.24844425028095,3.2454622248624085
2021-10-17,1,Electronics,138.25510284745525,3.3846459910452906
2021-10-24,1,Electronics,84.11055980062147,3.0445707496747794
2021-10-31,1,Electronics,132.97803828421146,3.199418747306958
2021-11-07,1,Electronics,140.6775960381367,3.2267546779826652
2021-11-14,1,Electronics,121.89491226369022,3.456228635962243
2021-11-21,1,Electronics,171.7353631390598,3.072022926973444
2021-11-28,1,Electronics,138.93919972933713,3.330387704889686
2021-12-05,1,Electronics,170.83408608974435,3.33492428791275
2021-12-12,1,Electronics,224.03184902223057,3.6411808416878255
2021-12-19,1,Electronics,142.98508538035026,3.0596052272577965
2021-12-26,1,Electronics,175.1728585980537,3.1368385947619726
2019-01-06,2,Electronics,307.4462258332743,1.3745191689531573
2019-01-13,2,Electronics,367.8457346516608,1.3625983045805847
2019-01-20,2,Electronics,306.3642411312624,1.628405997611776
2019-01-27,2,Electronics,403.43036878037725,1.6620958206178098
2019-02-03,2,Electronics,359.6147017257712,1.3722969526028157
2019-02-10,2,Electronics,347.401284155842,1.33422335441411
2019-02-17,2,Electronics,415.19854474878895,1.5239691395662813
2019-02-24,2,Electronics,340.288366518262,1.374992754369299
2019-03-03,2,Electronics,308.78641736037065,1.5474755887697529
2019-03-10,2,Electronics,299.73274059706296,1.48489377901392
2019-03-17,2,Electronics,387.83277972541816,1.2347656409301906
2019-03-24,2,Electronics,302.56502260846776,1.680579045979631
2019-03-31,2,Electronics,425.66954423812876,1.7167262106156014
2019-04-07,2,Electronics,255.47649795722242,1.366178265512957
2019-04-14,2,Electronics,408.447482643409,1.3989365720496587
2019-04-21,2,Electronics,336.76279354918427,1.4969648893016572
2019-04-28,2,Electronics,314.6073825041403,1.5040366927770386
2019-05-05,2,Electronics,286.03541077670263,1.5512031259563295
2019-05-12,2,Electronics,316.4006132286919,1.7479185100046846
2019-05-19,2,Electronics,287.86864439511055,1.42960893883158
2019-05-26,2,Electronics,326.46065404764744,1.3391800712400213
2019-06-02,2,Electronics,274.58035364333927,1.2546203889832042
2019-06-09,2,Electronics,266.6122062787119,1.3489844324814537
2019-06-16,2,Electronics,235.68466820122768,1.4505399799602225
2019-06-23,2,Electronics,240.2455809432795,1.7165341306569997
2019-06-30,2,Electronics,247.98241813128342,1.3800300133087016
2019-07-07,2,Electronics,155.1687172852752,1.4879303799823627
2019-07-14,2,Electronics,164.5395123932265,1.4529710264040065
2019-07-21,2,Electronics,248.5120867633924,1.6283152911133172
2019-07-28,2,Electronics,220.24922044237158,1.8231210792527839
2019-08-04,2,Electronics,202.40225026197973,1.3781005720636994
2019-08-11,2,Electronics,209.46906703334884,1.384130035861188
2019-08-18,2,Electronics,223.15943115691624,1.6073242684742386
2019-08-25,2,Electronics,186.3347539656463,1.5546009892098955
2019-09-01,2,Electronics,178.34505321098152,1.7241237607922602
2019-09-08,2,Electronics,223.15453871117458,1.5403437904806732
2019-09-15,2,Electronics,177.72131804321356,1.4030711758213537
2019-09-22,2,Electronics,242.33854794102146,1.5413227603148771
2019-09-29,2,Electronics,159.17650481749072,1.6167175628010284
2019-10-06,2,Electronics,282.9718816570739,1.5747709400487406
2019-10-13,2,Electronics,267.6885866616453,1.5291878426702021
2019-10-20,2,Electronics,267.5751346876851,1.6106008412842692
2019-10-27,2,Electronics,308.1682436490413,1.6255358885219318
2019-11-03,2,Electronics,347.3345583000353,1.6565152008888517
2019-11-10,2,Electronics,330.0472077898585,1.5497718677570265
2019-11-17,2,Electronics,219.13370510358328,1.431039434726394
2019-11-24,2,Electronics,253.5778663648572,1.4767132908509502
2019-12-01,2,Electronics,291.84879257309353,1.6309517787034666
2019-12-08,2,Electronics,329.6590265891305,1.3364675070632805
2019-12-15,2,Electronics,360.250029827523,1.509016432007582
2019-12-22,2,Electronics,316.4496076737676,1.3981161482368376
2019-12-29,2,Electronics,363.6682302846769,1.459544560755831
2020-01-05,2,Electronics,331.1570309677991,1.6414220683100083
2020-01-12,2,Electronics,343.9218587865253,1.483172966853835
2020-01-19,2,Electronics,315.7151571336445,1.462119345713778
2020-01-26,2,Electronics,340.8069188118285,1.2574529710578737
2020-02-02,2,Electronics,325.9423594933027,1.56396799576839
2020-02-09,2,Electronics,344.0906140986274,1.549302410972082
2020-02-16,2,Electronics,431.36436507980903,1.7701928392762678
2020-02-23,2,Electronics,345.8311547042231,1.4105683022727333
2020-03-01,2,Electronics,496.6757374934531,1.4872554382058
2020-03-08,2,Electronics,402.9248712184437,1.527144883835251
2020-03-15,2,Electronics,385.91288909680185,1.7541855353739877
2020-03-22,2,Electronics,336.59677458791225,1.5428523091983524
2020-03-29,2,Electronics,397.109343400096,1.6278749696952977
2020-04-05,2,Electronics,336.48635702348844,1.70479442076104
2020-04-12,2,Electronics,359.9017626123056,1.6711210640415155
2020-04-19,2,Electronics,458.4539953129962,1.6052816778000982
2020-04-26,2,Electronics,342.84184480776497,1.7235099530557765
2020-05-03,2,Electronics,397.52628427044914,1.8753042999626965
2020-05-10,2,Electronics,326.1025689531254,1.5922860981021794
2020-05-17,2,Electronics,367.67268645820633,1.7825584461229511
2020-05-24,2,Electronics,461.2551523097933,1.681789295680034
2020-05-31,2,Electronics,375.1251430859798,1.9770815988262898
2020-06-07,2,Electronics,488.19843202343,1.600007542045516
2020-06-14,2,Electronics,439.05241339097086,1.757966447133576
2020-06-21,2,Electronics,369.6078007400093,1.9109717180335364
2020-06-28,2,Electronics,393.8719791280388,2.0998604680040462
2020-07-05,2,Electronics,375.7014571679904,1.8776198448228079
2020-07-12,2,Electronics,328.0449451074364,1.8208162136339643
2020-07-19,2,Electronics,206.6842276911736,2.1891192946580356
2020-07-26,2,Electronics,221.45447120721732,1.7176605060386267
2020-08-02,2,Electronics,227.90579538081994,1.6208122278472894
2020-08-09,2,Electronics,227.267522756812,2.0166692934396293
2020-08-16,2,Electronics,253.21765892290531,1.8908015275227632
2020-08-23,2,Electronics,233.78359382963717,1.8259314940901528
2020-08-30,2,Electronics,170.948767337262,2.0878170798011255
2020-09-06,2,Electronics,247.07247399320747,2.029879433037574
2020-09-13,2,Electronics,261.32303969096284,1.9215040931980205
2020-09-20,2,Electronics,264.76234951137,1.826018955807414
2020-09-27,2,Electronics,293.56604711735133,2.1476482931481415
2020-10-04,2,Electronics,290.6347394269631,2.1232207520802637
2020-10-11,2,Electronics,283.08654127135463,2.021691882024924
2020-10-18,2,Electronics,269.66580265978007,2.31204311271114
2020-10-25,2,Electronics,211.66210235111396,1.894370494730012
2020-11-01,2,Electronics,310.72345514303936,1.8345707963295335
2020-11-08,2,Electronics,311.69541918045405,1.9620593237536315
2020-11-15,2,Electronics,324.9773057642383,2.061988882957652
2020-11-22,2,Electronics,269.66692738741034,2.1096182255429636
2020-11-29,2,Electronics,288.40675421594557,2.0444030893819995
2020-12-06,2,Electronics,389.3243689119507,2.135797644266387
2020-12-13,2,Electronics,352.5119318519887,1.9072196519440854
2020-12-20,2,Electronics,392.2899237926605,2.3040524537477745
2020-12-27,2,Electronics,372.8957280960395,2.08632250403289
2021-01-03,2,Electronics,380.52970673106677,2.2650193150420703
2021-01-10,2,Electronics,425.82730434669827,2.1562236734190154
2021-01-17,2,Electronics,369.5753923737119,2.17655940232178
2021-01-24,2,Electronics,400.14433159383964,2.1965651559746013
2021-01-31,2,Electronics,379.7512403988512,2.182185798409609
2021-02-07,2,Electronics,383.09236915808754,2.2137869332149096
2021-02-14,2,Electronics,389.35181294348644,2.3167497629082225
2021-02-21,2,Electronics,411.6430478467375,2.154824142268975
2021-02-28,2,Electronics,380.27874166096205,2.232179938673239
2021-03-07,2,Electronics,451.32386942811894,2.118570426638049
2021-03-14,2,Electronics,355.92607471735937,2.3437266449719707
2021-03-21,2,Electronics,381.0281771810539,2.0380831555970658
2021-03-28,2,Electronics,364.2403404865221,2.400893299095053
2021-04-04,2,Electronics,437.5522444146031,2.1351051055180643
2021-04-11,2,Electronics,376.5712256552653,1.9347729479824372
2021-04-18,2,Electronics,403.62255110793967,2.1635989578740302
2021-04-25,2,Electronics,287.45596137150824,2.0476950313813225
2021-05-02,2,Electronics,352.51831431386404,2.2709235532869014
2021-05-09,2,Electronics,369.2062918820236,2.055279938262148
2021-05-16,2,Electronics,324.90806960231265,2.086923262520174
2021-05-23,2,Electronics,356.78898080116954,1.8783834450123527
2021-05-30,2,Electronics,279.6497870321665,2.088999583943858
2021-06-06,2,Electronics,352.1160903018349,1.8034405812227323
2021-06-13,2,Electronics,380.8993270974952,1.9269964597543816
2021-06-20,2,Electronics,259.16873784683037,2.269424440968615
2021-06-27,2,Electronics,247.87034071409028,2.274303345724773
2021-07-04,2,Electronics,321.7003632495695,2.222987117677362
2021-07-11,2,Electronics,321.0391848989533,2.0214094127768445
2021-07-18,2,Electronics,226.58195406619313,2.15621505885303
2021-07-25,2,Electronics,227.04019875204688,2.163604187255455
2021-08-01,2,Electronics,230.17872203293751,1.9964669996542175
2021-08-08,2,Electronics,183.4222408166641,2.38472706777932
2021-08-15,2,Electronics,201.2246384484098,2.2944508495044933
2021-08-22,2,Electronics,198.51499063939326,2.1353986080553913
2021-08-29,2,Electronics,210.72953588936232,2.1722249411345658
2021-09-05,2,Electronics,245.2840256192112,2.1993576781976016
2021-09-12,2,Electronics,261.24862700220643,1.8725676309055324
2021-09-19,2,Electronics,322.8732326596696,2.134390566752002
2021-09-26,2,Electronics,221.07559054066667,2.071728774366393
2021-10-03,2,Electronics,313.00189242329634,2.025798381649918
2021-10-10,2,Electronics,270.41504264646903,2.1312194917983307
2021-10-17,2,Electronics,286.51528811599644,2.4342902336729697
2021-10-24,2,Electronics,327.00722240447675,2.2664339299271954
2021-10-31,2,Electronics,260.6474552982916,2.0905225183458205
2021-11-07,2,Electronics,335.09774171829736,2.2574392181456218
2021-11-14,2,Electronics,336.47339192013925,2.3782002138823755
2021-11-21,2,Electronics,360.90672868177876,2.3095255194440334
2021-11-28,2,Electronics,362.672073314325,2.184030549358055
2021-12-05,2,Electronics,464.94782229040584,2.0815745353905513
2021-12-12,2,Electronics,343.03072648251884,2.277700642878784
2021-12-19,2,Electronics,356.6726170050976,2.2336896042090624
2021-12-26,2,Electronics,361.1479632423383,2.307028999298895
2019-01-06,3,Electronics,898.3251050617959,8.081983354532314
2019-01-13,3,Electronics,860.3849641597733,7.449091335602721
2019-01-20,3,Electronics,958.4615788620914,7.941837551473171
2019-01-27,3,Electronics,851.3735043933536,7.497840157443262
2019-02-03,3,Electronics,1013.4156904914618,8.064868351556362
2019-02-10,3,Electronics,924.3554242848433,7.616454847353678
2019-02-17,3,Electronics,1107.701204651158,6.915923790053006
2019-02-24,3,Electronics,845.6694685643262,6.976889863857454
2019-03-03,3,Electronics,899.8429712401967,6.889998248100953
2019-03-10,3,Electronics,766.3122699440589,8.384180397815562
2019-03-17,3,Electronics,807.4809009260767,7.170333787115472
2019-03-24,3,Electronics,911.936862888789,6.180931519961984
2019-03-31,3,Electronics,948.8720047597167,7.945470756811001
2019-04-07,3,Electronics,1118.8600106833744,8.799623184772488
2019-04-14,3,Electronics,786.8780506311045,8.233004299804051
2019-04-21,3,Electronics,680.3729945654478,7.181126900525061
2019-04-28,3,Electronics,830.0840808314575,6.429525708123193
2019-05-05,3,Electronics,614.4935480479223,7.539588407464318
2019-05-12,3,Electronics,763.004402482798,7.5205167083857125
2019-05-19,3,Electronics,629.5115100256384,6.901517154685147
2019-05-26,3,Electronics,677.7880129600068,8.063312419607113
2019-06-02,3,Electronics,743.3305029926505,9.053427436399117
2019-06-09,3,Electronics,597.1010269786292,7.812071631563436
2019-06-16,3,Electronics,681.1721147822909,7.7648378677993515
2019-06-23,3,Electronics,653.9814705903275,6.925950457437348
2019-06-30,3,Electronics,355.0937237224339,8.710130851974775
2019-07-07,3,Electronics,435.9568300872688,7.584772094925848
2019-07-14,3,Electronics,353.3539217937837,7.199743533635514
2019-07-21,3,Electronics,704.4279071760245,7.690870697077335
2019-07-28,3,Electronics,479.1874964946376,8.00288099238035
2019-08-04,3,Electronics,664.4347404851326,7.748589943115996
2019-08-11,3,Electronics,311.4659501619119,8.563965159342967
2019-08-18,3,Electronics,418.22530563560855,7.935637453077917
2019-08-25,3,Electronics,559.9266144391684,7.425204785247509
2019-09-01,3,Electronics,500.9550480520381,7.948797826617859
2019-09-08,3,Electronics,544.3982534304857,8.02403136427945
2019-09-15,3,Electronics,372.1150239569287,6.65148251640388
2019-09-22,3,Electronics,653.4532464572994,8.520608163067871
2019-09-29,3,Electronics,607.4323428678711,7.412241928385823
2019-10-06,3,Electronics,586.5501132762633,7.431791281024801
2019-10-13,3,Electronics,494.9660966026141,8.216415224503995
2019-10-20,3,Electronics,619.1319346194729,8.213197275866284
2019-10-27,3,Electronics,578.8067034650934,7.106609261999223
2019-11-03,3,Electronics,463.607680678109,8.25579213589492
2019-11-10,3,Electronics,651.2292949704602,7.213893143894238
2019-11-17,3,Electronics,664.9963014136081,9.032752649035036
2019-11-24,3,Electronics,814.0848770240686,7.009276459042417
2019-12-01,3,Electronics,501.7548032267656,7.825212196881528
2019-12-08,3,Electronics,777.4418971605828,7.044565339205512
2019-12-15,3,Electronics,657.9437785721328,9.34082693902857
2019-12-22,3,Electronics,829.6229786471872,6.6962313922771495
2019-12-29,3,Electronics,854.6620283879685,8.042927194498523
2020-01-05,3,Electronics,825.0267077529893,7.0805656148931675
2020-01-12,3,Electronics,931.5290408806625,7.371582662907915
2020-01-19,3,Electronics,734.6849557061139,7.988801387874453
2020-01-26,3,Electronics,985.093400298401,8.578050527942215
2020-02-02,3,Electronics,807.0519291502202,8.882830680437879
2020-02-09,3,Electronics,724.9458875767448,6.4676325812247075
2020-02-16,3,Electronics,857.4826861176986,7.846819568276697
2020-02-23,3,Electronics,669.9059290634356,8.757572781486749
2020-03-01,3,Electronics,905.3301781796193,6.354250644000908
2020-03-08,3,Electronics,845.5985630268567,8.068814091462109
2020-03-15,3,Electronics,987.9631028237002,8.0042319643459
2020-03-22,3,Electronics,915.6944094718938,8.491248519762545
2020-03-29,3,Electronics,692.674946127044,7.744636481341189
2020-04-05,3,Electronics,733.2591178676159,7.390294508529642
2020-04-12,3,Electronics,856.2464956317234,7.170524141960869
2020-04-19,3,Electronics,876.4215398009046,9.516786942088665
2020-04-26,3,Electronics,907.7684731313971,9.74567492285905
2020-05-03,3,Electronics,910.3065041963246,9.258175765981084
2020-05-10,3,Electronics,794.1735736659075,8.73747742754099
2020-05-17,3,Electronics,871.1465808527271,8.0183516466287
2020-05-24,3,Electronics,1006.1937625361967,9.79675413807644
2020-05-31,3,Electronics,880.0187647961421,8.627271939927057
2020-06-07,3,Electronics,971.3123521320933,9.022207797665045
2020-06-14,3,Electronics,893.2912299444678,9.210074670971087
2020-06-21,3,Electronics,832.7239553795891,9.595407169078857
2020-06-28,3,Electronics,829.4194868291154,9.250029413019233
2020-07-05,3,Electronics,675.224294657676,9.935324924062616
2020-07-12,3,Electronics,652.7730283844794,9.510316351512287
2020-07-19,3,Electronics,492.31423412679425,10.59359747313822
2020-07-26,3,Electronics,527.2206025541246,10.914109997213345
2020-08-02,3,Electronics,558.1822183806914,10.274315119916183
2020-08-09,3,Electronics,432.3615310016297,10.60694581857312
2020-08-16,3,Electronics,483.9966001675894,11.930912736018973
2020-08-23,3,Electronics,495.1349015632553,9.472408123753286
2020-08-30,3,Electronics,530.0724888327904,9.47928623615644
2020-09-06,3,Electronics,477.0280859499476,11.003846551440416
2020-09-13,3,Electronics,611.474692135278,12.008613361102249
2020-09-20,3,Electronics,298.82821762660495,10.367903579944533
2020-09-27,3,Electronics,828.4548743958869,11.930376369377823
2020-10-04,3,Electronics,457.0242364324729,10.725974104508342
2020-10-11,3,Electronics,606.5647798359773,10.171483887045857
2020-10-18,3,Electronics,490.6762584450453,9.972349539850457
2020-10-25,3,Electronics,674.7598565227668,11.246256612438813
2020-11-01,3,Electronics,660.7684493819297,10.10006072811743
2020-11-08,3,Electronics,590.3585788636174,10.893788040505266
2020-11-15,3,Electronics,790.9716486469769,12.072594747857064
2020-11-22,3,Electronics,689.2949790934348,10.657333909099984
2020-11-29,3,Electronics,786.1646562186128,11.923846932252486
2020-12-06,3,Electronics,660.2073567763009,10.017990299030878
2020-12-13,3,Electronics,773.1850642933607,10.563365333581618
2020-12-20,3,Electronics,1001.9871250143647,9.92001252570124
2020-12-27,3,Electronics,915.1805759568026,11.073986169870834
2021-01-03,3,Electronics,865.7162491137277,11.636059511230439
2021-01-10,3,Electronics,803.6914289808154,11.118016696266439
2021-01-17,3,Electronics,869.1798613489841,12.017935180303583
2021-01-24,3,Electronics,892.5869484620086,10.526345428076864
2021-01-31,3,Electronics,925.6242774441967,11.288867237355063
2021-02-07,3,Electronics,774.2903414884897,10.730459230129137
2021-02-14,3,Electronics,953.9509876275405,11.426043639071718
2021-02-21,3,Electronics,772.9859935585362,11.54990543439558
2021-02-28,3,Electronics,1046.3228585189263,11.624569985833066
2021-03-07,3,Electronics,793.6844884398915,10.37516336221572
2021-03-14,3,Electronics,892.6370615218349,10.52653754242395
2021-03-21,3,Electronics,952.2250049880467,10.680792765236946
2021-03-28,3,Electronics,808.6386953206435,11.048379433009634
2021-04-04,3,Electronics,851.7518709600921,11.308898825524533
2021-04-11,3,Electronics,944.1018688447506,11.7941847300526
2021-04-18,3,Electronics,834.1057488331091,10.615169040280447
2021-04-25,3,Electronics,790.3056531076932,10.049526035781232
2021-05-02,3,Electronics,558.4632280387395,12.929796757553682
2021-05-09,3,Electronics,610.8978660539195,10.426481774576738
2021-05-16,3,Electronics,788.5082583790825,11.938691117688295
2021-05-23,3,Electronics,715.2071975102995,11.331436477851376
2021-05-30,3,Electronics,706.43069227421,11.50719080531381
2021-06-06,3,Electronics,674.1103450996651,11.321178965678651
2021-06-13,3,Electronics,718.4404131364031,11.035133522112993
2021-06-20,3,Electronics,538.9806871808544,11.690352400552204
2021-06-27,3,Electronics,558.56900714379,11.00681784925073
2021-07-04,3,Electronics,423.8158455753684,12.239222679037631
2021-07-11,3,Electronics,383.15972769222657,11.78795235373371
2021-07-18,3,Electronics,333.07324462303154,11.817113221195473
2021-07-25,3,Electronics,400.4089032900981,10.976429932975543
2021-08-01,3,Electronics,641.9623106826891,11.18820010159477
2021-08-08,3,Electronics,320.4892661246514,10.465607917630395
2021-08-15,3,Electronics,446.54543244153405,11.108035311557515
2021-08-22,3,Electronics,347.00743940329573,10.589814235097966
2021-08-29,3,Electronics,422.12775586059803,12.38942484414085
2021-09-05,3,Electronics,508.15325627073736,11.428344486867257
2021-09-12,3,Electronics,429.4772641727553,11.523609640584997
2021-09-19,3,Electronics,624.9703216096605,11.224664064989492
2021-09-26,3,Electronics,685.5475264711622,11.5509660407766
2021-10-03,3,Electronics,316.75574568551156,13.286769220518513
2021-10-10,3,Electronics,496.0660506678785,11.176625380918486
2021-10-17,3,Electronics,592.9441829733863,10.91173451702348
2021-10-24,3,Electronics,724.3708490218295,11.816253349113751
2021-10-31,3,Electronics,586.5719315838394,9.483775546428056
2021-11-07,3,Electronics,655.1746036358495,11.465262253030964
2021-11-14,3,Electronics,563.7319377684672,11.13460278725477
2021-11-21,3,Electronics,549.9592537726903,10.662504040171006
2021-11-28,3,Electronics,878.2800923990583,11.810958306919211
2021-12-05,3,Electronics,568.0321431080392,11.466148100278687
2021-12-12,3,Electronics,1014.4967055560908,10.049325598021785
2021-12-19,3,Electronics,871.899129993466,10.934453472896243
2021-12-26,3,Electronics,886.7046209860806,9.222964891469946
2019-01-06,4,Electronics,148.96570520633838,7.449329561276822
2019-01-13,4,Electronics,125.06384385867254,7.93376664206712
2019-01-20,4,Electronics,159.0890179050015,8.48306102141504
2019-01-27,4,Electronics,177.17960323387905,6.6588540877938245
2019-02-03,4,Electronics,172.89826365522293,6.39313797524582
2019-02-10,4,Electronics,148.3860082055298,6.575602773896954
2019-02-17,4,Electronics,178.60966591616523,8.73911680016864
2019-02-24,4,Electronics,154.66159960407157,7.3312140845618545
2019-03-03,4,Electronics,145.28701098743468,9.744439584149545
2019-03-10,4,Electronics,139.1027687659913,7.321600582561896
2019-03-17,4,Electronics,142.7823425992819,7.902625416920519
2019-03-24,4,Electronics,139.0203930426177,8.956012764884544
2019-03-31,4,Electronics,146.18473317684337,9.316036808228484
2019-04-07,4,Electronics,142.95180266314136,9.359032312114072
2019-04-14,4,Electronics,136.7767915000341,8.697046852543638
2019-04-21,4,Electronics,140.7275673720141,8.554037789259416
2019-04-28,4,Electronics,150.07302739617967,8.219191028268057
2019-05-05,4,Electronics,141.71333694192816,8.363387611050005
2019-05-12,4,Electronics,94.59560326997939,7.3317358511870765
2019-05-19,4,Electronics,71.46739682555778,7.124549007298793
2019-05-26,4,Electronics,128.61345912086267,7.756805846861638
2019-06-02,4,Electronics,83.84292901400282,7.627370763136682
2019-06-09,4,Electronics,99.84781337950145,7.407745360686368
2019-06-16,4,Electronics,79.26513014762874,8.299780794954248
2019-06-23,4,Electronics,64.44300512341901,8.500686069910028
2019-06-30,4,Electronics,102.32153550805204,7.828022885094552
2019-07-07,4,Electronics,103.09653138833211,8.90590250289619
2019-07-14,4,Electronics,76.89431277554367,6.873539213814684
2019-07-21,4,Electronics,39.15693632630446,7.609155641422068
2019-07-28,4,Electronics,73.37780155420816,7.203211383103798
2019-08-04,4,Electronics,88.5840843356909,6.311099285967951
2019-08-11,4,Electronics,54.813977200813355,7.695268779801246
2019-08-18,4,Electronics,83.78590763558559,7.664955174854248
2019-08-25,4,Electronics,80.49187047356381,8.933774092612277
2019-09-01,4,Electronics,91.6809410100633,8.248897778588066
2019-09-08,4,Electronics,84.79753864590215,6.964714225291364
2019-09-15,4,Electronics,67.24553660041964,9.198093310191732
2019-09-22,4,Electronics,107.61225628226391,8.706876075978332
2019-09-29,4,Electronics,86.31493841128639,8.211098534062678
2019-10-06,4,Electronics,91.58314727348292,7.583685611054936
2019-10-13,4,Electronics,78.92238272257876,7.014954625311409
2019-10-20,4,Electronics,91.1424940924366,7.470613203783677
2019-10-27,4,Electronics,87.19325860998306,8.604230473698786
2019-11-03,4,Electronics,103.74243769805642,9.221754696388254
2019-11-10,4,Electronics,141.07289351847973,8.956892354363376
2019-11-17,4,Electronics,90.95141360461902,7.380105226624527
2019-11-24,4,Electronics,90.88966178188195,6.890665567332203
2019-12-01,4,Electronics,149.35896625965262,7.868743847339013
2019-12-08,4,Electronics,123.76790709483048,6.387217105009352
2019-12-15,4,Electronics,119.49758260802336,8.01018377075101
2019-12-22,4,Electronics,153.1897140784104,7.644893123045796
2019-12-29,4,Electronics,127.5019712463063,7.397806738984901
2020-01-05,4,Electronics,173.2907505288432,6.522026469298686
2020-01-12,4,Electronics,155.63995306549026,8.157948342744845
2020-01-19,4,Electronics,137.2536528338093,7.346079051179445
2020-01-26,4,Electronics,185.54262051492003,6.85163612713433
2020-02-02,4,Electronics,138.08735787185512,5.530714129819676
2020-02-09,4,Electronics,162.54388329947977,7.738074249424122
2020-02-16,4,Electronics,154.94954688898642,9.134589429877177
2020-02-23,4,Electronics,172.29897999724733,9.048465731942096
2020-03-01,4,Electronics,176.05723124022052,7.404743854572568
2020-03-08,4,Electronics,147.80106661494236,7.481358138810535
2020-03-15,4,Electronics,132.17811734650766,8.492369485905119
2020-03-22,4,Electronics,151.33048763769875,7.525147566090852
2020-03-29,4,Electronics,128.71017453309344,8.696869863053754
2020-04-05,4,Electronics,173.31041548537902,9.212047700975544
2020-04-12,4,Electronics,137.47758370137072,9.717004459714257
2020-04-19,4,Electronics,126.31594264695921,8.82743563097631
2020-04-26,4,Electronics,134.74659023794348,8.880448439996151
2020-05-03,4,Electronics,108.29033003125772,8.484058746232298
2020-05-10,4,Electronics,117.78555697542521,8.644360452644651
2020-05-17,4,Electronics,161.3073471956103,9.22500259758882
2020-05-24,4,Electronics,135.34986913031773,9.794959674999763
2020-05-31,4,Electronics,134.8774786177351,10.322638090835337
2020-06-07,4,Electronics,166.43801677788895,9.089307706438765
2020-06-14,4,Electronics,176.80356994774877,10.96473049474335
2020-06-21,4,Electronics,162.02632655085384,9.68549301726825
2020-06-28,4,Electronics,155.7273105107451,9.964309667191321
2020-07-05,4,Electronics,111.15868367902846,9.48196987156088
2020-07-12,4,Electronics,85.71364558562061,8.257621651065367
2020-07-19,4,Electronics,125.3910719764898,10.89783834925959
2020-07-26,4,Electronics,84.34783786908454,10.853227061289013
2020-08-02,4,Electronics,79.65753188392597,10.12939838450316
2020-08-09,4,Electronics,103.97978778048424,10.462657776279721
2020-08-16,4,Electronics,88.70329033144745,10.870928640914595
2020-08-23,4,Electronics,86.51391196138182,9.3151345972018
2020-08-30,4,Electronics,117.07748063450802,10.171277031483518
2020-09-06,4,Electronics,68.72619349423776,11.24966242729194
2020-09-13,4,Electronics,98.0682754961611,9.709154744220642
2020-09-20,4,Electronics,84.8691523123509,10.95685521178875
2020-09-27,4,Electronics,91.1657474896206,9.72082618887967
2020-10-04,4,Electronics,116.31406354781849,11.177598122481848
2020-10-11,4,Electronics,101.63331800324296,10.828180242150415
2020-10-18,4,Electronics,105.75905964679833,9.640788695032228
2020-10-25,4,Electronics,118.99691843097135,11.834147542703787
2020-11-01,4,Electronics,97.68679787321244,10.394942705346754
2020-11-08,4,Electronics,93.46603226908694,10.369115008585862
2020-11-15,4,Electronics,94.0394748072197,11.184731556997038
2020-11-22,4,Electronics,82.0018004828849,11.950129611386007
2020-11-29,4,Electronics,156.9906162292604,10.29893466428107
2020-12-06,4,Electronics,105.34898468664369,11.161934421370544
2020-12-13,4,Electronics,124.71220143828359,11.472418896466097
2020-12-20,4,Electronics,127.32276314482469,11.7018507033371
2020-12-27,4,Electronics,140.91094500746314,11.324119837021376
2021-01-03,4,Electronics,152.82170635947963,10.92445952049732
2021-01-10,4,Electronics,156.1819274032704,10.588055337571173
2021-01-17,4,Electronics,132.903819515149,11.31700358993007
2021-01-24,4,Electronics,141.92525281999218,10.437213310249124
2021-01-31,4,Electronics,151.06076964346633,9.02037703174927
2021-02-07,4,Electronics,142.41807677306318,11.643087346517746
2021-02-14,4,Electronics,175.31681925963437,12.022071574563626
2021-02-21,4,Electronics,155.34415194892264,9.502702441900157
2021-02-28,4,Electronics,158.8221477315607,10.567483356260004
2021-03-07,4,Electronics,156.2369183992154,11.845458037568495
2021-03-14,4,Electronics,163.4334112838552,12.974896325653292
2021-03-21,4,Electronics,143.69953168388258,11.4072493695445
2021-03-28,4,Electronics,114.99273294876407,10.838322444276375
2021-04-04,4,Electronics,141.8166450245598,11.272799927059996
2021-04-11,4,Electronics,119.90271437473204,12.4924870339905
2021-04-18,4,Electronics,118.37268134719213,10.934842345559966
2021-04-25,4,Electronics,134.0818043199542,10.82584987272379
2021-05-02,4,Electronics,141.45212579215416,11.080816176170206
2021-05-09,4,Electronics,115.7790900964624,10.72463030059865
2021-05-16,4,Electronics,116.54654382321998,11.568067533732536
2021-05-23,4,Electronics,136.79255476033634,12.741647670550925
2021-05-30,4,Electronics,106.81363163127959,11.739394497431007
2021-06-06,4,Electronics,144.28745213756008,11.30022848791783
2021-06-13,4,Electronics,104.49033610229606,11.276590410498734
2021-06-20,4,Electronics,59.82198855546757,10.296711603525917
2021-06-27,4,Electronics,100.70664356996096,12.2012147575933
2021-07-04,4,Electronics,91.09123070657746,11.461582009693537
2021-07-11,4,Electronics,104.42069521700928,11.387650993313645
2021-07-18,4,Electronics,91.30779755917447,14.010795793835564
2021-07-25,4,Electronics,75.21377330255847,11.77011330569867
2021-08-01,4,Electronics,54.770083018804456,10.959869612976574
2021-08-08,4,Electronics,71.83547069813999,11.217065317420856
2021-08-15,4,Electronics,60.227496623299274,12.44347193912645
2021-08-22,4,Electronics,65.18882512777895,11.644468412826818
2021-08-29,4,Electronics,86.49747746036203,10.444582658538412
2021-09-05,4,Electronics,106.75878978858759,12.277702374445433
2021-09-12,4,Electronics,85.99065421942794,11.049635600430417
2021-09-19,4,Electronics,60.12313936392794,13.02511376507256
2021-09-26,4,Electronics,91.59180761878886,12.412894250967549
2021-10-03,4,Electronics,107.79521082997047,11.230878914002197
2021-10-10,4,Electronics,79.27338580653316,12.574952766031991
2021-10-17,4,Electronics,91.24301845519267,11.636447195426944
2021-10-24,4,Electronics,97.69035956380908,12.248197516364556
2021-10-31,4,Electronics,87.61611088811493,11.965186386971393
2021-11-07,4,Electronics,116.99401283908601,10.93477976918702
2021-11-14,4,Electronics,107.6393695522603,11.094469253205506
2021-11-21,4,Electronics,121.35469574221302,12.395226931365247
2021-11-28,4,Electronics,102.46508206231904,11.338372253998788
2021-12-05,4,Electronics,114.40236441750586,11.286930151689127
2021-12-12,4,Electronics,138.660405648554,10.860919955799153
2021-12-19,4,Electronics,122.95789011905168,11.932537775916815
2021-12-26,4,Electronics,163.24231564236504,13.20597084423076